"Term","F","Df","Df.res","Pr(>F)"
"Group",79.3267233930591,1,438.41477121692,1.41234568166612e-17
