"Term","Df","Df.res","Sum Sq","Sum Sq.res","F value","Pr(>F)"
"Group",1,13021,46294898.5628357,184827768303.534,3.26144647917148,0.0709496186537042
"RM_Vals",14,13021,1241221549.06104,183844344100.915,6.27935934039481,1.04991067261784e-12
"Group:RM_Vals",14,13021,77223824.2084961,184883794770.287,0.388480086048557,0.978696744824034
