"Term","F","Df","Df.res","Pr(>F)"
"Group",25.0307739755733,2,2973.62952224194,1.65868541171979e-11
"RM_Vals",74.2809406028868,7,2967.00146561963,2.03097829838974e-99
"Group:RM_Vals",3.22132820856915,14,2967.00152844368,4.31500511819435e-05
