"contrast","estimate","SE","df","z.ratio","p.value"
"Apical - Basal",921.316941659988,52.9073903745938,Inf,17.4137664915411,6.48720138558472e-68
