"Term","F","Df","Df.res","Pr(>F)"
"DV_l",0.0148857265478214,1,514.022618312891,0.902941097131298
"IV3",6.4530648485785,2,512.015893500381,0.00170689966545081
"DV_l:IV3",1.04714979447288,2,514.317872812023,0.35168352997355
